generation,fitness
0,2.11114094202474
1,1.97723582728082
2,1.97499323699204
3,1.94614815715257
4,1.94614815715257
5,1.94614815715257
6,1.94614815715257
7,1.94614815715257
8,1.94614815715257
9,1.94614815715257
10,1.94614815715257
11,1.94614815715257
12,1.94614815715257
13,1.94614815715257
14,1.94614815715257
