generation,fitness
0,2.18245070710314
1,1.97040395735342
2,1.93557593640322
3,1.86835435585661
4,1.84343282807882
5,1.83852250528973
6,1.81945307809111
7,1.81220044293984
8,1.78715170285018
9,1.78715170285018
10,1.76649097723776
11,1.76649097723772
12,1.75802574330581
13,1.7580257433058
14,1.75248045650915
15,1.75248045650913
16,1.75248045650913
17,1.75248045650913
18,1.75248045650913
19,1.75248045650913
